Social Media Post,Normalized Claim,Predicted Claim
40 students admitted after vaccination in kanpur,40 students admitted after vaccination in kanpur,40 students admitted after vaccination in kanpur
cold comfort to the 400 families whose loved ones died in aged care from the covid strain from the ship that the lnp allowed to disembark in sydney to get the 2 lnp families off the death ship!!,health minister greg hunt admitted no one in the country had died from a locally transmitted case of covid19.,the lnp allowed to disembark in sydney to get the 2 lnp families off the death ship!!
"truckers sic that refuse the jab have refused to drive into mandate states and cities... this is why the ports, rail, and warehouses are all backed up,",the claim resistance to covid19 vaccine mandates is responsible for supply chain backups,"truckers sic that refuse the jab have refused to drive into mandate states and cities... this is why the ports, rail, and warehouses are all backed up,"
"indian air force, salute indian army","indian air force, salute indian army","indian air force, salute indian army, salute indian army."
"how many more people have to die before we reinstate the assault weapons ban  the limit on highcapacity magazines  pass universal background checks? after they passed in 1994, there was a big drop in mass shooting deaths. when the ban expired, they rose again. we must act now.","after the assault weapon ban passed in 1994, there was a big drop in mass shooting deaths. when the ban expired, they rose again.","the assault weapons ban the limit on highcapacity magazines passed universal background checks? after they passed in 1994, there was a big drop in mass shooting deaths. when the ban expired, they rose again."
whoever did this is genius ..,vaccines have led to a significant rise in mortality and journalists are writing coverup stories to explain away deaths.,whoever did this is genius.
sads,deaths from covid19 vaccines are being miscategorised as deaths from sudden adult death syndrome.,sads sads sads sads sads sads sads sads sads sads sads sads sads sads sads sads sads sads sads sads sads sads sads sads sads sads sads sads sads sads sads sads sads sads sads sads sads sads sads sads sads sads sads sads sads sads sads sads sads sads sads sads sads sads sads sads sad
on april 29. asteroid 1998 or2 will safely pass earth by 3.9 million miles6.2 million km. a article implying there is a warning about this asteroid is false. a complete listing of all asteroid passes is always public at carry on!,asteroid warning nasa tracks a 4km killer rock on approach  could end human civilisation.,asteroid 1998 or2 will safely pass earth by 3.9 million miles6.2 million km.
"simple math trump got 74 million votes and there are only 133 million registered voters in the usa,",trump got 74 million votes and there are only 133 million registered voters in the usa,"simple math trump got 74 million votes and there are only 133 million registered voters in the usa,"
"in light of these two events, i will support president in any effort to move forward regarding the recent vacancy created by the passing of justice ginsburg. 3",on confirming a supreme court justice nominee in a presidential election year.,i will support president in any effort to move forward regarding the recent vacancy created by the passing of justice ginsburg.
reciting sanatani shloka at the funeral of queen elizabeth of britain,reciting sanatani shloka at the funeral of queen elizabeth of britain,reciting sanatani shloka at the funeral of queen elizabeth of britain
a newborn baby has been found in leeds this morning by the police. let us spread the word and help identifying who this newborn baby belongs to.,police have rescued newborn babies that were abandoned in multiple english towns and cities.,a newborn baby has been found in leeds this morning by the police.
"quoted in the telegraphs article. the department for food and rural affairs defra said, correctly, that farmers",the eu has ordered organic farmers to treat sick animals with homeopathy in a new directive.,"the department for food and rural affairs defra said, correctly, that farmers were able to use the telegraphs article in the telegraphs article."
tornado at the phillies game last night,tornado at the phillies game last night.,tornado at the phillies game last night
"important announcement  coronavirus last evening dining out with friends, one of their uncles, who is graduated with a masters degree and who worked in shenzhen hospital guangdong province, china sent him the following notes on coronavirus for guidance 1. if you have a runny nose and sputum, you have a common cold 2. coronavirus pneumonia is a dry cough with no runny nose. 3. this new virus is not heatresistant and will be killed by a temperature of just 2627 degrees. it hates the sun. 4. if someone sneezes with it, it takes about 10 feet before it drops to the ground and is no longer airborne. 5. if it drops on a metal surface it will live for at least 12 hours  so if you come into contact with any metal surface  wash your hands as soon as you can with a bacterial soap. 6. on fabric it can survive for 612 hours. normal laundry detergent will kill it. 7. drinking warm water is effective for all viruses. try not to drink liquids with ice. 8. wash your hands frequently as the virus can only live on your hands for 510 minutes, but  a lot can happen during that time  you can rub your eyes, pick your nose unwittingly and so on. 9. you should also gargle as a prevention. a simple solution of salt in warm water will suffice. 10. cannot emphasise enough  drink plenty of water! the symptoms 1. it will first infect the throat, so you will have a sore throat lasting 34 days 2. the virus then blends into a nasal fluid that enters the trachea and then the lungs, causing pneumonia. this takes about 56 days further. 3. with the pneumonia comes high fever and difficulty in breathing. 4. the nasal congestion is not like the normal kind. you feel like you are drowning. it is imperative you then seek immediate attention. spread the word  please share.",drink plenty of water,coronavirus pneumonia is a dry cough with no runny nose. this new virus is not heatresistant and will be killed by a temperature of just 2627 degrees. it hates the sun.
144 years old buddhist monk,144 years old buddhist monk,144 years old buddhist monk
112th school fees 5.5 years college fees pg clg fees  ss fees... please refund all this fees first then no doctor would mind giving free treatment to their patients.,a tweet is being shared widely with a screenshot of another tweet from the president’s account that asks doctors to not charge some of their patients who cannot afford.,112th school fees 5.5 years college fees pg clg fees ss fees... please refund all this fees first then no doctor would mind giving free treatment to their patients.
someone played bharat ka bachha baccha during an event in christ university and the crowd went wild... jaishriram,"in बैंगलोर in christuniversity in ethnicday the song ‘bharat ka bachcha bachcha, jai jai shri ram bolega’ was played in the middle… then look at stundents of जोश",bharat ka bachha baccha played during an event in christ university and the crowd went wild.
"in the second draft, the section which has been reported on in the media since the publication of the first draft will be clarified to ensure that what is meant is clear",the world health organisation said that women of childbearing age should be banned from drinking alcohol.,"in the second draft, the section which has been reported on in the media since the publication of the first draft will be clarified to ensure that what is meant is clear is clear."
"in light of these two events, i will support president in any effort to move forward regarding the recent vacancy created by the passing of justice ginsburg. 3",on not confirming a supreme court justice nominee in a presidential election year.,i will support president in any effort to move forward regarding the recent vacancy created by the passing of justice ginsburg.
surya namaskar and gayatri mantra have spread to japan and are being practised there.,people are performing yoga in japan un huge numbers,surya namaskar and gayatri mantra have spread to japan and are being practised there.
"here is a cheery friday fact. an average 22 yearold male today has roughly the same testosterone levels as a 67 year old had in the year 2000. average testosterone has fallen close to 50 in the last 2 decades, and nobody is talking about it.",testosterone levels dropped by 50 in recent decades,an average 22 year old male today has roughly the same testosterone levels as a 67 year old had in the year 2000.
"wussup tribe. i have your email from some shit in the past, and i am writing this to let you know i started a podcast and would love to have the old tribe back in the house! i really miss the days of having an audience, which is probably closeted narcissism but hey, if it makes you laugh... worth it. censorship has gotten fucked yup beyond all measure, ig has booted me off time and time again. recently i was banned from accessing 710 pages. it is insanity. i hope this is a way to quench your thirst for consciousness, and satiate my need for constant reassurance.",post implies moderna suing pfizer for patent infringement proves the covid19 vaccine was developed before the pandemic,"wussup tribe has been banned from accessing 710 pages. it is insanity. i hope this is a way to quench your thirst for consciousness, and satiate my need for constant reassurance."
so greenwich council are set to remove the lee rigby stone that was laid at the rigby site on friday night. now we really need to shame them everyone please share this post. as you can see they have already started to dig it out.,greenwich council is set to remove a memorial stone to lee rigby.,greenwich council are set to remove the lee rigby stone that was laid at the rigby site on friday night. now we really need to shame them everyone please share this post. as you can see they have already started to dig it out.
the best is yet to come!,says he rebuilt the military,the best is yet to come!
"senator lee advised spurious legal attempts to overturn our election, kept quiet about the scheme to sabotage our democracy, and defended jan 6th insurrectionists. now trumps lawyer is pleading the fifth on lees involvement. , utah deserves to know the truth. our ad",mike lee advised trumps legal challenges to overturn our election and was one of only two senators who was in on the scheme.,"senator lee advised spurious legal attempts to overturn our election, kept quiet about the scheme to sabotage our democracy, and defended jan 6th insurrectionists."
"from my lockdown room in paris things look grim, but here is some positive advancements coronavirus china has closed down its last coronavirus hospital. not enough new cases to support them.  doctors in india have been successful in treating coronavirus using...combination of drugs used lopinavir, retonovir, oseltamivir along with chlorphenamine. they are going to suggest same medicine, globally.  researchers of the erasmus medical center claim to have found an antibody against coronavirus a 103yearold chinese grandmother has made a full recovery from covid19 after being treated for 6 days in wuhan, china. apple reopens all 42 china stores,  cleveland clinic developed a covid19 test that gives results in hours, not days.  good news from south korea, where the number of new cases is declining  italy is hit hard, experts say, only because they have the oldest population europ scientists in israel likely to announce the development of a coronavirus vaccine.  3 maryland coronavirus patients fully recovered able to return to everyday life.  a network of canadian scientists are making excellent progress in covid19 research.a san diego biotech company is developing a covid19 vaccine in collaboration with duke university and national university of singapore.  tulsa countys first positive covid19 case has recovered. this individual has had two negative tests, which is the indicator of recovery. all 7 patients who were getting treated for at safdarjung hospital in new delhi are recovered plasma from newly recovered patients from covid 19 can treat others infected by covid19so it is not all bad news. let us care for each other and stay focused on safety of the most vulnerable coronavirusoutbreak",china has closed down its last coronavirus hospital. not enough new cases to support them.,coronavirus china has closed down its last coronavirus hospital. not enough new cases to support them.
"ian austin, 1 year as a junior minister at dclg, says he will not vote for labour. walltowall coverage. ken clarke, 9 years as secretary of state, including as chancellor, says he will not vote for the conservatives. silence. balanced election coverage?","ian austin, former labour mp has said he will not vote for labour.","ian austin, 1 year as a junior minister at dclg, says he will not vote for labour. walltowall coverage. ken clarke, 9 years as secretary of state, including as chancellor, says he will not vote for the conservatives."
"ask these police officers if they thought the protests this weekend were peaceful? these pictures should be in the newspapers today, but they are not. the editors are not doing their job.",these images are all from black lives matter protests in london last weekend.,police officers thought protests this weekend were peaceful?
"protests continued over 2,000 people attended an event formed by san franciscans called themselves the antimask league, denouncing the mandatory masking ordinance the gathering was of public spirited citizens, skeptical physicians and fanatics, writes historian crosby","during the 1918 flu pandemic, san francisco residents formed the antimask league. san francisco was ultimately one of the cities that suffered the most with a high death rate.","protests continued over 2,000 people attended an event formed by san franciscans called themselves the antimask league, denouncing the mandatory masking ordinance the gathering was of public spirited citizens, skeptical physicians and fanatics, writes historian crosby."
"recently, a 105 year old woman was in the news who credited her health and longevity to eating 9 gin soaked raisins a day. here is the recipe for gin soaked raisins. let us make them and do a taste test.",ginsoaked raisins be used to cure arthritic pain,a 105 year old woman was in the news who credited her health and longevity to eating 9 gin soaked raisins a day. here is the recipe for gin soaked raisins. let us make them and do a taste test.
"tonight, and i tested positive for covid19. we will begin our quarantine and recovery process immediately. we will get through this together!",the claim president trump claimed doctors said they have never seen a body kill the coronavirus like his body,"tonight, and i tested positive for covid19. we will begin our quarantine and recovery process immediately. we will get through this together!"
av age 82.5 yrs and these mentalist fucks think ya 5yr old needs a jab ....,"to the end of 2021, there have been 156,924 deaths within 28 days of a positive covid19 test in the uk.",av age 82.5 yrs and these mentalist fucks think ya 5yr old needs a jab
fact check fck off. partly false..bullshitters know full fact check well that we are referring to the test and trace lies. and you will put my posts lower down? haha censorship at its finest..financed by government themselves with our money.,the track and trace app cost £37 billion.,fact check fck off. partly false..bullshitters know full fact check well that we arereferring to the test and trace lies. and you will put my posts lower down? haha censorship at its finest..financed by government themselves with our money.
"the main stream media do not lie do they. ever. they are your friend and where people suck down all their info and knowledge about the world from, instead of going out and looking and finding it themselves. i saw it on the bbc they say, or in the paper. pathetic. here is your new years eve reminder of the media lies you will be fed. joan in the manchester drive through vax centre, who is also susan in the south african drive through vax centre.",the same image of an elderly woman being vaccinated has been used by the media to show a woman called joan being vaccinated in manchester and a woman called susan getting vaccinated in south africa.,"the main stream media do not lie do they. ever. they are your friend and where people suck down all their info and knowledge about the world from, instead of going out and looking and finding it themselves. pathetic. here is your new years eve reminder of the media lies you will be fed."
coimbatore corporation has introduced couples toilet wow. but no doors,coimbatore corporation has built a toilet with two commodes next to each other without a wall between them.,coimbatore corporation has introduced couples toilet wow.
"correction this post has been determined false by fact checkers at usa today. there is no evidence trump ever made this statement or a statement similar to it on any of the dates listed in posts that make the claim, according to transcripts of his appearances and rallies, they writ","the claim in 2016, trump said, anyone being investigated by the fbi is not qualified to be the president of the united states on six different dates","no evidence trump ever made this statement or a statement similar to it on any of the dates listed in posts that make the claim, according to transcripts of his appearances and rallies, they writ this post."
attorney general garland is weaponizing the doj by using the fbi to pursue concerned parents and silence them through intimidation. florida will defend the free speech rights of its citizens and will not allow federal agents to squelch dissent.,attorney general garland is weaponizing the doj by using the fbi to pursue concerned parents and silence them through intimidation. florida will defend the free speech rights of its citizens and will not allow federal agents to squelch dissent.,attorney general garland is weaponizing the doj by using the fbi to pursue concerned parents and silence them through intimidation. florida will defend the free speech rights of its citizens and will not allow federal agents to squelch dissent.
now this was 2001 tell me why 19 years later they say there is no vaccine.,the vaccine for coronavirus existed since 2001 and 19 years later they say there is no vaccine,2001 tell me why 19 years later they say there is no vaccine.
michigan sends absentee ballot applications to 7.7 million people ahead of primaries and the general election. this was done illegally and without authorization by a rogue secretary of state. i will ask to hold up funding to michigan if they want to go down this voter fraud path!,michigan sends absentee ballot applications to 7.7 million people and this was done illegally and without authorization.,michigan sends absentee ballot applications to 7.7 million people ahead of primaries and the general election. this was done illegally and without authorization by a rogue secretary of state.
"had gone to get india closed. in papalaj, rajasthan, the public thrashed him badly and blackened his face.","had gone to get india closed. in papalaj, rajasthan, the public thrashed him badly and blackened his face.","in papalaj, rajasthan, the public thrashed him badly and blackened his face."
"these deaths were concentrated in institutions from less developed regions, implying that when comprehensive icu services are not fully available, covid19 in pregnancy can be lethal.",pregnant women are 22 times more likely to die from covid19 than other women.,"covid19 in pregnancy can be lethal when comprehensive icu services are not fully available, implying that when comprehensive icu services are not fully available, covid19 in pregnancy can be lethal."
"not at all surprised, being a british agent he was compelled to take oath in the name of queen","nehru is taking oath in britain as a british citizen to become pm of india ? what a mockery, congress has done to the indian citizen  his family continude with gandhi surname ? reason india should be congress mukt bharat!",a british agent he was compelled to take oath in the name of queen
"fake amul butter being made in a illegal factory in jahangir puri, delhi.","amul butter raid visuals are from jahagir puri, delhi","fake amul butter being made in a illegal factory in jahangir puri, delhi."
people are starting to enter ers with fungal lung infections from wearing masks!! take breaks from your masks,wearing mask to protect from covid19 causes fungal lung infection,people are starting to enter ers with fungal lung infections from wearing masks!! take breaks from your masks!!
naintindihan ba ng dswd ito?,"all filipinos, whether rich or poor, are entitled to the government’s cash assistance of p5,000 to p8,000",naintindihan ba ng dswd ito?
"how many vaccines have been exported from the following ? 0 0 41.6 million  the largest recipient, by far, of which being 10 million but guess who gets accused of outrageous vaccine nationalism and behaving like a dictatorship about vaccines raab ?","the eu has exported 41.6 million vaccines so far, 10 million of which were to the uk.","0 0 41.6 million the largest recipient, by far, of which is 10 million but guess who gets accused of outrageous vaccine nationalism and behaving like a dictatorship about vaccines raab"
more details on the resettlement of vulnerable refugees will be set out in due course,"the uk has signed an agreement that says for every asylum seeker it sends to rwanda, it will bring back one vulnerable refugee to the uk.",more details on the resettlement of vulnerable refugees will be set out in due course. more details on the resettlement of vulnerable refugees will be set out in due course.
first was m.i.a. on the derailment then he lies to media claiming my 2021 letter calling for more track inspections was a letter calling for deregulation he is an incompetent who is focused solely on his fantasies about his political future  needs to be fired,sen. marco rubio signed a 2021 letter that supports waivers that would reduce visual track inspections.,m.i.a. on the derailment then he lies to media claiming my 2021 letter calling for more track inspections was a letter calling for dereregulation he is an incompetent who is focused solely on his fantasies about his political future needs to be fired.
"our products are completely animal free and plasticfree! our clothing is also certified net carbon neutral, created from natural or recycled materials in fair trade factories, printed using waterbased inks, and made to last",the claim animal agriculture is the biggest contributor to climate change,"our clothing is also certified net carbon neutral, created from natural or recycled materials in fair trade factories, printed using waterbased inks, and made to last."
"nigeria has a terrorloving pantami as minister, pampers boko haram terrorists, and pays murderous herdsmen. as if that is not enough, look at the office of nema dg! taliban would be proud",taliban flag hoisted in nema office,"nigeria has a terrorloving pantami as minister, pampers boko haram terrorists, and pays murderous herdsmen."
"it is still weird that this monkey pox only circulates in vaccinated countries, there would be no problem with the immune system at least??",monkeypox is only circulating in countries where the pfizer covid19 vaccine is being distributed and is used to advance the great reset,"monkey pox only circulates in vaccinated countries, there would be no problem with the immune system at least??"
"all these people walking around with air pods directing radiation  bluetooth signals directly into the brain! unless you want a brain tumour, i suggest you throw them in the bin.","airpods direct radiation and bluetooth signals directly to the brain, unless you want a brain tumour, i suggest you ditch the airpods","all these people walking around with air pods directing radiation bluetooth signals directly into the brain! unless you want a brain tumour, i suggest you throw them in the bin."
the company making ruhafza  hamdard,हमदर्द का स्वामित्व एक इस्लामिक संस्था मुस्लिम वक्फ बोर्ड के पास है। इसके सारे कर्मचारी मुसलमान है।,the company making ruhafza hamdard made ruhafza hamdard.
just what we have been saying for months! the global recession is a planned and coordinated attack to get us to submit to digital ids and digital currency i.e. a chinese style social credit system!,the queen did not die on 8 september.,the global recession is a planned and coordinated attack to get us to submit to digital ids and digital currency i.e.
"research also shows that some, but not all, of the gender wage gap is explained by the fact that after having children women are much more likely than men to work parttime, and parttime work is associated with little or no subsequent progression in hourly wages",new gender pay gap figures reveal 8 out of 10 firms pay men more.,"research also shows that some, but not all of the gender wage gap is explained by the fact that after having children women are much more likely than men to work parttime, and parttime work is associated with little or no subsequent progression in hourly wages."
"mark finchem   in arizona, it is flood the zone with fake ballots","in arizona, we have flood the zone with fake ballots.","mark finchem in arizona, it is flood the zone with fake ballots."
research flat earth,the claim the earth is flat because cities cannot be upsidedown,research flat earth
blames putin at press briefings.. then admits its all part of his own plan. sickening.,biden admits 5 gas is being done on purpose and this has been his plan all along.,blames putin at press briefings.. then admits its all part of his own plan. sickening.
"we need your help to identify this little girl who was riding her bike and got involved in a hit  run few hours ago in coventry. the deputies are not able to identify her , because she has no id with her . the suspect is currently on the run  the girl is still unconscious in hospital. please bump post so that family can see sic",a facebook user needs help to identify a young cyclist left unconscious following a recent hit and run incident.,"we need your help to identify this little girl who got involved in a hit run few hours ago in coventry. the deputies are not able to identify her, because she has no id with her."
it is not monkeypox. it is vaids.,"various posts shared on social media platforms claims that monkeypox is the same as vaids, which is caused by covidvaccine. we factchecked and found this claim to be false.",it is not monkeypox. it is vaids.
"murkowski, collins, and romney are propedophile. they just voted for kbj.","lisa murkowski, susan collins and mitt romney are propedophile.","murkowski, collins, and romney are propedophile. they just voted for kbj."
these pcr tests cannot detect free infectious viruses,"kary b mullis, inventor of pcr tests, said they cannot detect free infectious viruses.",these pcr tests cannot detect free infectious viruses.
happy independence day! let us have honor like these men.,says marjorie taylor greene said 246 years ago jesus christ performed his miracle of making a single days worth of bullets last 8 days.,happy independence day! let us have honor like these men.
is this what they were doing to free bangladesh?,4000 rss workers arrested,is this what they were doing to free bangladesh?
people are dying due to lack of oxygen our health minister is cutting ladyfinger,people are dying due to lack of oxygen our health minister is cutting ladyfinger,people are dying due to lack of oxygen our health minister is cutting ladyfinger
genocide act 1969 repealed is up to date with all changes known to be in force on or before 07 may 2021. there are changes that may be brought into force at a future date,on 8 may 2021 the genocide act was repealed. genocide is now legal.,genocide act 1969 repealed is up to date with all changes known to be in force on or before 07 may 2021.
"voter fraud? california sends 440,000 ballots to ineligible voters.","california sends 440,000 ballots to ineligible voters.","california sends 440,000 ballots to ineligible voters."
president biden has tested positive for covid but is he one pandemic behind? should not he be working on monkeypox? guess who is? wuhan. the same lab out of china has brewed itself up a pot of monkeypox to work on a vaccine. they have been doing that for months. why?????,monkeypox virus was made in wuhan’s lab,president biden has tested positive for covid but is he one pandemic behind?
"ukrainian president zelensky and wife in their younger n happy days. hmmm.. how, just in one mad moment, your life can turn upside down. truly, life is an unfathomable paradox. this can happen to anyone of us. just pray","ukrainian president zelensky and wife in their younger n happy days. hmmm.. how, just in one mad moment, your life can turn upside down. truly, life is an unfathomable paradox. this can happen to anyone of us. just pray","ukrainian president zelensky and wife in their younger n happy days. hmmm. how, just in one mad moment, your life can turn upside down. truly, life is an unfathomable paradox."
joe biden the only court packing is going on right now  it is going on with republicans packing the court now. it is not constitutional.,senate republicans move to confirm judge amy coney barrett to the supreme court in an election year is not constitutional.,joe biden the only court packing is going on right now it is going on with republicans packing the court now. it is not constitutional.
pubs back open in luton this morning all going well,a city centre fight was filmed in luton as pubs reopened in april 2021.,pubs back open in luton this morning all going well.
"the hall in chicago where swamivivekananda gave his historic speech, the entire 473 words spoken in this speech are lit up on the stairs of this hall every day... swamivivekanandajayanti",swami vivekananda’s famous 1893 speech is lit up every day on the stairs of the hall where he gave his speech,"the hall in chicago where swamivivekananda gave his historic speech, the entire 473 words spoken in this speech are lit up on the stairs of this hall every day..."
look what i found... biden has a wire,says joe biden was wearing a wire during the first presidential debate.,biden has a wire.
aaaaand this is what got me shut down on twitter !!!,connecticut ballot initiative on early voting would remove the requirement of a certified seal from certain ballots.,aaaaand this is what got me shut down on twitter!!!
by 2016 the ons predicts they will make up 18 of the population,the number of people going to accident and emergency is rising every year.,by 2016 the ons predicts they will make up 18 of the population.
"this should settle the matter of all the democratic run states that continue to overstep their power and people accepting it as law, bull crap!","under an 1866 supreme court ruling, stayathome orders are illegal and can be disregarded with impunity.","this should settle the matter of all the democratic run states that continue to overstep their power and people accepting it as law, bull crap!"
according to oxford dictionary how the word india formed and 90 of indians do not know this. i independent n nation d declared i in a august,according to oxford dictionary how the word india formed and 90 of indians do not know this. i independent n nation d declared i in a augus,oxford dictionary how the word india formed and 90 of indians do not know this.
jayalalitha tamil nadu cm with nirmala sitharaman,image of late tamil nadu cm jayalalitha with union finance minister nirmala sitharaman,jayalalitha tamil nadu cm with nirmala sitharaman
"job at world health organisation help us fight coronavirus by working from home  no experience required sms sending job work 23 hours daily on mobile and earn 5100 daily click here and apply now vacancy till 30th april, 2021.",world health organization is offering jobs,"job at world health organisation help us fight coronavirus by working from home no experience required sms sending job work 23 hours daily on mobile and earn 5100 daily click here and apply now vacancy till 30th april, 2021."
iu researchers identify fabric that kills coronaviruses,says researchers found a fabric that kills coronaviruses,iu researchers identify fabric that kills coronaviruses.
here in lies the problem. case numbers mean nothing. testing people without symptoms means nothing. time to quit the biggest hoax in human history. thanks paul weston.,a social media post claims the high number of falsepositive results from covid19 tests is rendering reported case numbers meaningless and the testing of asymptomatic patients useless.,case numbers mean nothing. testing people without symptoms means nothing. time to quit the biggest hoax in human history. thanks paul weston.
a human body can bear only up to 45 del unit of pain. a mother feels up to 57 del of pain while giving birth which is equal to 20 bones getting fractured,"a mother, while giving birth, feels up to 57 del of pain which is equal to 20 bones getting fractured",a mother feels up to 57 del of pain while giving birth which is equal to 20 bones getting fractured.
"23,000 mailin ballots came from people who no longer lived at that address maricopa county says, oh that is fine because 15,000 were people who still lived in maricopa county the question is how did they get the ballot if they do not live there anymore?","23,000 maricopa county ballots came from voters using a previous address?","23,000 mailin ballots came from people who no longer lived at that address maricopa county says, oh that is fine because 15,000 were people who still lived in maricopa county the question is how did they get the ballot if they do not live there anymore?"
do not drink red bull or monster unless you like the idea of bull sperm,red bull and monster energy drinks contain bull semen.,do not drink red bull or monster unless you like the idea of bull sperm.
can you provide the sources for this ststistic please? what studies are you citing exactly because i cannot find amy corroborating this figure,the risk of a child dying of covid19 is around one in 3.5 million.,can you provide the sources for this ststistic please? what studies are you citing exactly because i cannot find amy corroborating this figure?
ambulance trusts adopting this system of provision have often sold off a significant number of existing ambulance stations which no longer fulfil an operational need,the rate of extra investment in the nhs has fallen by 68 since 2010.,ambulance trusts adopting this system of provision have often sold off a significant number of existing ambulance stations which no longer fulfil an operational need.
"slogans raised in london, against incomtax raid on bbc office bbcraid resignmodi modihaitohmumkinhai",visuals of people shouting ‘resign modi’ in london after recent it survey in bbc offices in india,"slogans raised in london, against incomtax raid on bbc office bbcraid resignmodi modihaitohmumkinhai"
joe biden and kielbasa harris held a joint campaign appearance in arizona. the first since the democratic national convention. no one showed up. no one.,no one showed up for this joe biden and kamala harris joint campaign event in arizona.,joe biden and kielbasa harris held a joint campaign appearance in arizona.
breaking director concerned over womens reproductive heath after covid19 vaccinations there is something irregular about their menstrual cycles...concerning...the vaccine should not be interfering with that...it has to be affecting something hormonal... pfertility,pfizer director concerned over women’s reproductive health after covid19 vaccinations.,womens reproductive heath after covid19 vaccinations there is something irregular about their menstrual cycles...concerning...the vaccine should not be interfering with that...it has to beaffecting something hormonal... pfertility
it is that time of year... i make my family drink grape juice daily from now until march. just a few sips each day. it keeps the stomach bug from attaching to your digestive system if you are exposed to the virus. this will be my 5th year doing this with 100 success! i hate throwing up  hate cleaning it up. this has not failed me  i am so thankful i learned about it. had to share... be well,grape juice can cure stomach flu,i make my family drink grape juice daily from now until march. just sips each day. it keeps the stomach bug from attaching to your digestive system if you are exposed to the virus. this will be my 5th year doing this with 100 success!
report university of florida researchers have found no asymptomatic or presymptomatic spread of covid. the study was published online by the journal of the american medical association. this could change everything,says a recent study found no asymptomatic or presymptomatic spread of covid.,the study was published online by the journal of the american medical association.
good morning and happyganeshchaturthi to all my friends,good morning and happyganeshchaturthi to all my friends,good morning and happyganeshchaturthi to all my friends
watch vice presidential candidate davao city mayor sara duterte on granting media network abscbn a franchise.  via daniel manalastas,"as vice president, i do not have any power over granting franchises. it will be up to congress, the house of representatives, and the senate … we will abide by the decision of the branch of government that is empowered to do that.",vice presidential candidate davao city mayor sara duterte on granting media network abscbn a franchise.
railway tracks laid by nehru ji 70 years ago still intact. rail wheels launched by modi 5 days ago crushed.,railway tracks laid by nehru ji 70 years ago still intact. rail wheels launched by modi 5 days ago crushed.,railway tracks laid by nehru ji 70 years ago still intact. rail wheels launched by modi 5 days ago crushed.
"china has been stealing our manufacturing, costing wisconsin almost 90,000 jobs! joe biden does not understand the threat. to stop china, you have to stop joe biden.","china has been stealing our manufacturing, costing wisconsin almost 90,000 jobs.","china has been stealing our manufacturing, costing wisconsin almost 90,000 jobs!"
"about 60 per cent of daily crossings are albanian, according to home office officials",over the summer the majority of arrivals in small boats from france—about 60—have been albanian nationals.,"about 60 per cent of daily crossings are albanian, according to home office officials."
"why is it that errors seem to only ever go one way? voterga says 4,255 ballots in fulton county, georgia were scanned multiple times. of those duplicate ballots, 3,390 went to biden.","in the 2020 presidential election, 4,255 ballots in fulton county, georgia, were scanned multiple times and 3,390 went to biden.","voterga says 4,255 ballots in fulton county, georgia were scanned multiple times. of those duplicate ballots, 3,390 went to biden."
look at the french they are going on general strike because retirement is going to 64. their energy bills are 40 of ours they retire 6 years earlier their pension is 3x higher their wages are 25 higher yet still they will strike. why are they better off? because they strike,french wages are 25 higher.,french they are going on general strike because retirement is going to 64. their energy bills are 40 of ours they retire 6 years earlier their pension is 3x higher their wages are 25 higher yet still they will strike.
the supreme court has observed that those who feed stray dogs could be held liable if the canines attack people. the apex court also said that such people should be made responsible for vaccination of stray dogs.,"the supreme court said that if stray dogs attack people, then those who feed the dogs can be held responsible. the court said that those who regularly feed and feed stray dogs can also be given the responsibility of getting the dogs vaccinated.",the supreme court has observed that those who feed stray dogs could be held liable if the canines attack people.
